,Unnamed: 0,0
0,7000,0
1,7001,0
2,7002,0
3,7003,2
4,7004,2
5,7005,2
6,7006,2
7,7007,0
8,7008,0
9,7009,0
10,7010,2
11,7011,2
12,7012,0
13,7013,0
14,7014,2
15,7015,0
16,7016,1
17,7017,2
18,7018,0
19,7019,2
20,7020,0
21,7021,0
22,7022,0
23,7023,0
24,7024,0
25,7025,0
26,7026,2
27,7027,1
28,7028,1
29,7029,2
30,7030,0
31,7031,2
32,7032,1
33,7033,1
34,7034,2
35,7035,0
36,7036,2
37,7037,0
38,7038,0
39,7039,0
40,7040,0
41,7041,0
42,7042,2
43,7043,0
44,7044,0
45,7045,1
46,7046,0
47,7047,0
48,7048,0
49,7049,0
50,7050,0
51,7051,1
52,7052,0
53,7053,0
54,7054,0
55,7055,0
56,7056,2
57,7057,0
58,7058,1
59,7059,2
60,7060,0
61,7061,0
62,7062,1
63,7063,1
64,7064,0
65,7065,0
66,7066,2
67,7067,2
68,7068,0
69,7069,2
70,7070,2
71,7071,0
72,7072,2
73,7073,2
74,7074,0
75,7075,2
76,7076,2
77,7077,1
78,7078,1
79,7079,0
80,7080,1
81,7081,0
82,7082,0
83,7083,2
84,7084,0
85,7085,2
86,7086,2
87,7087,0
88,7088,2
89,7089,0
90,7090,0
91,7091,0
92,7092,0
93,7093,0
94,7094,2
95,7095,0
96,7096,0
97,7097,2
98,7098,0
99,7099,2
100,7100,0
101,7101,0
102,7102,0
103,7103,2
104,7104,0
105,7105,2
106,7106,2
107,7107,1
108,7108,2
109,7109,2
110,7110,0
111,7111,0
112,7112,0
113,7113,2
114,7114,0
115,7115,1
116,7116,1
117,7117,2
118,7118,0
119,7119,0
120,7120,0
121,7121,0
122,7122,1
123,7123,0
124,7124,2
125,7125,0
126,7126,0
127,7127,2
128,7128,0
129,7129,0
130,7130,0
131,7131,0
132,7132,1
133,7133,0
134,7134,2
135,7135,0
136,7136,2
137,7137,0
138,7138,0
139,7139,0
140,7140,0
141,7141,2
142,7142,1
143,7143,0
144,7144,0
145,7145,2
146,7146,2
147,7147,2
148,7148,1
149,7149,2
150,7150,0
151,7151,2
152,7152,0
153,7153,0
154,7154,2
155,7155,1
156,7156,0
157,7157,0
158,7158,2
159,7159,1
160,7160,2
161,7161,0
162,7162,2
163,7163,0
164,7164,0
165,7165,0
166,7166,2
167,7167,2
168,7168,2
169,7169,0
170,7170,0
171,7171,0
172,7172,0
173,7173,0
174,7174,2
175,7175,2
176,7176,0
177,7177,1
178,7178,0
179,7179,0
180,7180,1
181,7181,0
182,7182,0
183,7183,2
184,7184,0
185,7185,2
186,7186,2
187,7187,0
188,7188,2
189,7189,2
190,7190,0
191,7191,0
192,7192,2
193,7193,0
194,7194,2
195,7195,2
196,7196,0
197,7197,2
198,7198,0
199,7199,0
200,7200,0
201,7201,0
202,7202,2
203,7203,2
204,7204,1
205,7205,2
206,7206,0
207,7207,0
208,7208,1
209,7209,0
210,7210,2
211,7211,2
212,7212,2
213,7213,0
214,7214,2
215,7215,2
216,7216,0
217,7217,0
218,7218,0
219,7219,2
220,7220,0
221,7221,0
222,7222,0
223,7223,0
224,7224,0
225,7225,0
226,7226,2
227,7227,1
228,7228,2
229,7229,1
230,7230,0
231,7231,0
232,7232,0
233,7233,0
234,7234,0
235,7235,0
236,7236,1
237,7237,0
238,7238,0
239,7239,1
240,7240,2
241,7241,0
242,7242,1
243,7243,1
244,7244,2
245,7245,1
246,7246,2
247,7247,0
248,7248,0
249,7249,0
250,7250,0
251,7251,2
252,7252,0
253,7253,0
254,7254,1
255,7255,2
256,7256,2
257,7257,2
258,7258,2
259,7259,0
260,7260,0
261,7261,0
262,7262,2
263,7263,1
264,7264,0
265,7265,0
266,7266,1
267,7267,0
268,7268,0
269,7269,2
270,7270,2
271,7271,0
272,7272,2
273,7273,0
274,7274,0
275,7275,0
276,7276,2
277,7277,0
278,7278,2
279,7279,2
280,7280,2
281,7281,1
282,7282,1
283,7283,0
284,7284,1
285,7285,2
286,7286,0
287,7287,2
288,7288,0
289,7289,0
290,7290,2
291,7291,2
292,7292,2
293,7293,0
294,7294,2
295,7295,1
296,7296,0
297,7297,1
298,7298,2
299,7299,0
300,7300,0
301,7301,0
302,7302,0
303,7303,0
304,7304,2
305,7305,2
306,7306,0
307,7307,1
308,7308,1
309,7309,0
310,7310,0
311,7311,0
312,7312,0
313,7313,0
314,7314,0
315,7315,0
316,7316,0
317,7317,2
318,7318,1
319,7319,2
320,7320,0
321,7321,0
322,7322,0
323,7323,2
324,7324,0
325,7325,0
326,7326,2
327,7327,0
328,7328,0
329,7329,0
330,7330,2
331,7331,0
332,7332,0
333,7333,0
334,7334,0
335,7335,1
336,7336,2
337,7337,2
338,7338,0
339,7339,0
340,7340,2
341,7341,0
342,7342,2
343,7343,1
344,7344,2
345,7345,0
346,7346,0
347,7347,0
348,7348,2
349,7349,0
350,7350,1
351,7351,2
352,7352,1
353,7353,0
354,7354,2
355,7355,1
356,7356,0
357,7357,0
358,7358,0
359,7359,2
360,7360,0
361,7361,1
362,7362,0
363,7363,0
364,7364,0
365,7365,0
366,7366,0
367,7367,2
368,7368,0
369,7369,0
370,7370,0
371,7371,0
372,7372,2
373,7373,0
374,7374,0
375,7375,0
376,7376,2
377,7377,2
378,7378,0
379,7379,2
380,7380,2
381,7381,0
382,7382,2
383,7383,0
384,7384,1
385,7385,2
386,7386,0
387,7387,0
388,7388,2
389,7389,0
390,7390,2
391,7391,0
392,7392,0
393,7393,2
394,7394,0
395,7395,0
396,7396,2
397,7397,0
398,7398,2
399,7399,0
400,7400,2
401,7401,0
402,7402,2
403,7403,2
404,7404,0
405,7405,1
406,7406,0
407,7407,0
408,7408,2
409,7409,1
410,7410,0
411,7411,2
412,7412,0
413,7413,0
414,7414,1
415,7415,2
416,7416,2
417,7417,2
418,7418,0
419,7419,2
420,7420,2
421,7421,0
422,7422,2
423,7423,0
424,7424,0
425,7425,0
426,7426,0
427,7427,1
428,7428,2
429,7429,2
430,7430,2
431,7431,2
432,7432,2
433,7433,2
434,7434,2
435,7435,0
436,7436,2
437,7437,2
438,7438,2
439,7439,2
440,7440,1
441,7441,2
442,7442,2
443,7443,2
444,7444,0
445,7445,0
446,7446,0
447,7447,0
448,7448,0
449,7449,0
450,7450,0
451,7451,2
452,7452,0
453,7453,0
454,7454,2
455,7455,0
456,7456,0
457,7457,2
458,7458,0
459,7459,0
460,7460,0
461,7461,0
462,7462,0
463,7463,2
464,7464,0
465,7465,0
466,7466,0
467,7467,2
468,7468,2
469,7469,0
470,7470,0
471,7471,0
472,7472,1
473,7473,0
474,7474,2
475,7475,2
476,7476,2
477,7477,0
478,7478,2
479,7479,2
480,7480,1
481,7481,2
482,7482,2
483,7483,2
484,7484,2
485,7485,1
486,7486,0
487,7487,2
488,7488,2
489,7489,2
490,7490,0
491,7491,0
492,7492,0
493,7493,2
494,7494,2
495,7495,0
496,7496,1
497,7497,2
498,7498,0
499,7499,1
500,7500,0
501,7501,2
502,7502,0
503,7503,0
504,7504,0
505,7505,2
506,7506,0
507,7507,0
508,7508,0
509,7509,0
510,7510,0
511,7511,0
512,7512,0
513,7513,2
514,7514,1
515,7515,2
516,7516,2
517,7517,2
518,7518,2
519,7519,2
520,7520,0
521,7521,1
522,7522,0
523,7523,0
524,7524,0
525,7525,1
526,7526,0
527,7527,1
528,7528,0
529,7529,0
530,7530,1
531,7531,0
532,7532,0
533,7533,0
534,7534,0
535,7535,0
536,7536,0
537,7537,0
538,7538,0
539,7539,0
540,7540,2
541,7541,0
542,7542,2
543,7543,2
544,7544,0
545,7545,1
546,7546,1
547,7547,2
548,7548,2
549,7549,0
550,7550,0
551,7551,0
552,7552,2
553,7553,1
554,7554,1
555,7555,0
556,7556,1
557,7557,2
558,7558,0
559,7559,0
560,7560,1
561,7561,2
562,7562,0
563,7563,2
564,7564,0
565,7565,0
566,7566,1
567,7567,2
568,7568,1
569,7569,2
570,7570,2
571,7571,0
572,7572,2
573,7573,2
574,7574,0
575,7575,2
576,7576,0
577,7577,1
578,7578,2
579,7579,0
580,7580,2
581,7581,0
582,7582,2
583,7583,2
584,7584,2
585,7585,0
586,7586,0
587,7587,1
588,7588,2
589,7589,0
590,7590,0
591,7591,0
592,7592,2
593,7593,2
594,7594,2
595,7595,0
596,7596,0
597,7597,0
598,7598,0
599,7599,2
600,7600,0
601,7601,1
602,7602,0
603,7603,2
604,7604,2
605,7605,0
606,7606,2
607,7607,2
608,7608,2
609,7609,2
610,7610,2
611,7611,2
612,7612,1
613,7613,2
614,7614,0
615,7615,2
616,7616,2
617,7617,1
618,7618,2
619,7619,2
620,7620,2
621,7621,0
622,7622,0
623,7623,0
624,7624,2
625,7625,1
626,7626,2
627,7627,2
628,7628,1
629,7629,0
630,7630,0
631,7631,0
632,7632,2
633,7633,2
634,7634,2
635,7635,0
636,7636,1
637,7637,2
638,7638,0
639,7639,0
640,7640,0
641,7641,0
642,7642,0
643,7643,0
644,7644,0
645,7645,0
646,7646,1
647,7647,0
648,7648,0
649,7649,0
650,7650,2
651,7651,0
652,7652,0
653,7653,0
654,7654,0
655,7655,0
656,7656,0
657,7657,0
658,7658,0
659,7659,1
660,7660,2
661,7661,2
662,7662,1
663,7663,2
664,7664,0
665,7665,0
666,7666,0
667,7667,2
668,7668,2
669,7669,0
670,7670,2
671,7671,2
672,7672,2
673,7673,0
674,7674,0
675,7675,0
676,7676,2
677,7677,0
678,7678,2
679,7679,0
680,7680,1
681,7681,2
682,7682,0
683,7683,0
684,7684,0
685,7685,0
686,7686,1
687,7687,1
688,7688,2
689,7689,2
690,7690,0
691,7691,0
692,7692,1
693,7693,1
694,7694,0
695,7695,0
696,7696,2
697,7697,0
698,7698,0
699,7699,2
700,7700,0
701,7701,0
702,7702,1
703,7703,2
704,7704,2
705,7705,2
706,7706,2
707,7707,2
708,7708,2
709,7709,0
710,7710,1
711,7711,1
712,7712,0
713,7713,1
714,7714,2
715,7715,2
716,7716,1
717,7717,0
718,7718,0
719,7719,0
720,7720,2
721,7721,0
722,7722,1
723,7723,0
724,7724,0
725,7725,2
726,7726,1
727,7727,2
728,7728,2
729,7729,0
730,7730,0
731,7731,2
732,7732,0
733,7733,2
734,7734,0
735,7735,1
736,7736,2
737,7737,0
738,7738,2
739,7739,0
740,7740,2
741,7741,0
742,7742,1
743,7743,0
744,7744,0
745,7745,0
746,7746,0
747,7747,0
748,7748,0
749,7749,0
750,7750,2
751,7751,2
752,7752,2
753,7753,0
754,7754,0
755,7755,1
756,7756,2
757,7757,2
758,7758,2
759,7759,0
760,7760,1
761,7761,0
762,7762,1
763,7763,1
764,7764,2
765,7765,2
766,7766,2
767,7767,0
768,7768,2
769,7769,0
770,7770,2
771,7771,2
772,7772,0
773,7773,0
774,7774,1
775,7775,0
776,7776,0
777,7777,2
778,7778,2
779,7779,2
780,7780,0
781,7781,0
782,7782,0
783,7783,1
784,7784,2
785,7785,0
786,7786,0
787,7787,2
788,7788,0
789,7789,0
790,7790,0
791,7791,2
792,7792,0
793,7793,0
794,7794,0
795,7795,0
796,7796,2
797,7797,0
798,7798,2
799,7799,0
800,7800,1
801,7801,0
802,7802,2
803,7803,0
804,7804,0
805,7805,2
806,7806,0
807,7807,0
808,7808,0
809,7809,0
810,7810,2
811,7811,0
812,7812,0
813,7813,2
814,7814,2
815,7815,1
816,7816,2
817,7817,0
818,7818,2
819,7819,2
820,7820,0
821,7821,2
822,7822,0
823,7823,0
824,7824,1
825,7825,2
826,7826,0
827,7827,0
828,7828,2
829,7829,0
830,7830,0
831,7831,0
832,7832,2
833,7833,0
834,7834,0
835,7835,2
836,7836,2
837,7837,2
838,7838,0
839,7839,0
840,7840,0
841,7841,0
842,7842,0
843,7843,1
844,7844,2
845,7845,2
846,7846,1
847,7847,2
848,7848,0
849,7849,2
850,7850,0
851,7851,0
852,7852,2
853,7853,0
854,7854,0
855,7855,0
856,7856,0
857,7857,0
858,7858,0
859,7859,0
860,7860,1
861,7861,2
862,7862,2
863,7863,1
864,7864,2
865,7865,2
866,7866,1
867,7867,0
868,7868,0
869,7869,0
870,7870,2
871,7871,1
872,7872,1
873,7873,2
874,7874,0
875,7875,2
876,7876,2
877,7877,1
878,7878,2
879,7879,0
880,7880,0
881,7881,2
882,7882,2
883,7883,0
884,7884,2
885,7885,1
886,7886,2
887,7887,0
888,7888,2
889,7889,1
890,7890,0
891,7891,1
892,7892,0
893,7893,2
894,7894,0
895,7895,0
896,7896,0
897,7897,1
898,7898,2
899,7899,2
900,7900,0
901,7901,0
902,7902,0
903,7903,0
904,7904,0
905,7905,0
906,7906,0
907,7907,0
908,7908,2
909,7909,0
910,7910,2
911,7911,0
912,7912,1
913,7913,0
914,7914,0
915,7915,2
916,7916,2
917,7917,1
918,7918,0
919,7919,2
920,7920,0
921,7921,2
922,7922,2
923,7923,0
924,7924,2
925,7925,2
926,7926,0
927,7927,2
928,7928,1
929,7929,2
930,7930,0
931,7931,0
932,7932,0
933,7933,0
934,7934,0
935,7935,2
936,7936,0
937,7937,0
938,7938,2
939,7939,1
940,7940,2
941,7941,0
942,7942,0
943,7943,2
944,7944,0
945,7945,2
946,7946,0
947,7947,1
948,7948,2
949,7949,1
950,7950,0
951,7951,1
952,7952,2
953,7953,0
954,7954,1
955,7955,0
956,7956,0
957,7957,0
958,7958,2
959,7959,0
960,7960,0
961,7961,0
962,7962,0
963,7963,2
964,7964,2
965,7965,2
966,7966,0
967,7967,0
968,7968,0
969,7969,2
970,7970,2
971,7971,0
972,7972,2
973,7973,1
974,7974,0
975,7975,0
976,7976,0
977,7977,0
978,7978,0
979,7979,0
980,7980,2
981,7981,2
982,7982,0
983,7983,0
984,7984,2
985,7985,2
986,7986,0
987,7987,1
988,7988,1
989,7989,1
990,7990,0
991,7991,2
992,7992,0
993,7993,0
994,7994,1
995,7995,0
996,7996,2
997,7997,0
998,7998,1
999,7999,1
1000,8000,1
1001,8001,2
1002,8002,0
1003,8003,2
1004,8004,0
1005,8005,0
1006,8006,0
1007,8007,2
1008,8008,0
1009,8009,1
1010,8010,0
1011,8011,0
1012,8012,2
1013,8013,0
1014,8014,2
1015,8015,0
1016,8016,0
1017,8017,0
1018,8018,2
1019,8019,2
1020,8020,2
1021,8021,2
1022,8022,0
1023,8023,2
1024,8024,0
1025,8025,0
1026,8026,2
1027,8027,2
1028,8028,2
1029,8029,2
1030,8030,0
1031,8031,2
1032,8032,0
1033,8033,2
1034,8034,0
1035,8035,0
1036,8036,0
1037,8037,2
1038,8038,0
1039,8039,0
1040,8040,0
1041,8041,0
1042,8042,1
1043,8043,2
1044,8044,0
1045,8045,0
1046,8046,0
1047,8047,0
1048,8048,2
1049,8049,0
1050,8050,1
1051,8051,2
1052,8052,2
1053,8053,0
1054,8054,2
1055,8055,0
1056,8056,2
1057,8057,0
1058,8058,0
1059,8059,2
1060,8060,0
1061,8061,1
1062,8062,0
1063,8063,0
1064,8064,2
1065,8065,0
1066,8066,0
1067,8067,0
1068,8068,2
1069,8069,1
1070,8070,1
1071,8071,1
1072,8072,1
1073,8073,2
1074,8074,0
1075,8075,2
1076,8076,2
1077,8077,2
1078,8078,2
1079,8079,0
1080,8080,0
1081,8081,2
1082,8082,1
1083,8083,0
1084,8084,0
1085,8085,2
1086,8086,0
1087,8087,1
1088,8088,2
1089,8089,2
1090,8090,0
1091,8091,1
1092,8092,2
1093,8093,0
1094,8094,0
1095,8095,0
1096,8096,2
1097,8097,0
1098,8098,1
1099,8099,0
1100,8100,2
1101,8101,2
1102,8102,0
1103,8103,0
1104,8104,1
1105,8105,0
1106,8106,0
1107,8107,2
1108,8108,2
1109,8109,1
1110,8110,1
1111,8111,0
1112,8112,0
1113,8113,0
1114,8114,0
1115,8115,2
1116,8116,0
1117,8117,1
1118,8118,0
1119,8119,0
1120,8120,2
1121,8121,0
1122,8122,0
1123,8123,0
1124,8124,0
1125,8125,0
1126,8126,2
1127,8127,0
1128,8128,2
1129,8129,2
1130,8130,0
1131,8131,0
1132,8132,0
1133,8133,2
1134,8134,1
1135,8135,0
1136,8136,0
1137,8137,2
1138,8138,1
1139,8139,0
1140,8140,0
1141,8141,0
1142,8142,0
1143,8143,2
1144,8144,2
1145,8145,2
1146,8146,2
1147,8147,0
1148,8148,2
1149,8149,0
1150,8150,0
1151,8151,0
1152,8152,0
1153,8153,1
1154,8154,2
1155,8155,0
1156,8156,0
1157,8157,2
1158,8158,0
1159,8159,0
1160,8160,0
1161,8161,2
1162,8162,2
1163,8163,0
1164,8164,2
1165,8165,2
1166,8166,0
1167,8167,1
1168,8168,1
1169,8169,0
1170,8170,2
1171,8171,0
1172,8172,0
1173,8173,2
1174,8174,1
1175,8175,1
1176,8176,2
1177,8177,0
1178,8178,0
1179,8179,0
1180,8180,1
1181,8181,0
1182,8182,2
1183,8183,0
1184,8184,1
1185,8185,0
1186,8186,1
1187,8187,1
1188,8188,0
1189,8189,2
1190,8190,1
1191,8191,2
1192,8192,1
1193,8193,2
1194,8194,2
1195,8195,2
1196,8196,0
1197,8197,2
1198,8198,0
1199,8199,2
1200,8200,0
1201,8201,0
1202,8202,2
1203,8203,0
1204,8204,0
1205,8205,2
1206,8206,2
1207,8207,1
1208,8208,2
1209,8209,0
1210,8210,0
1211,8211,2
1212,8212,2
1213,8213,2
1214,8214,2
1215,8215,2
1216,8216,2
1217,8217,1
1218,8218,2
1219,8219,2
1220,8220,0
1221,8221,0
1222,8222,0
1223,8223,2
1224,8224,2
1225,8225,0
1226,8226,0
1227,8227,0
1228,8228,2
1229,8229,2
1230,8230,2
1231,8231,2
1232,8232,0
1233,8233,0
1234,8234,2
1235,8235,0
1236,8236,0
1237,8237,0
1238,8238,2
1239,8239,2
1240,8240,0
1241,8241,0
1242,8242,1
1243,8243,0
1244,8244,2
1245,8245,0
1246,8246,0
1247,8247,0
1248,8248,0
1249,8249,0
1250,8250,0
1251,8251,1
1252,8252,2
1253,8253,2
1254,8254,0
1255,8255,2
1256,8256,2
1257,8257,0
1258,8258,0
1259,8259,0
1260,8260,2
1261,8261,0
1262,8262,0
1263,8263,1
1264,8264,2
1265,8265,0
1266,8266,0
1267,8267,0
1268,8268,2
1269,8269,1
1270,8270,0
1271,8271,2
1272,8272,0
1273,8273,0
1274,8274,1
1275,8275,1
1276,8276,2
1277,8277,2
1278,8278,0
1279,8279,0
1280,8280,0
1281,8281,1
1282,8282,1
1283,8283,0
1284,8284,0
1285,8285,2
1286,8286,1
1287,8287,2
1288,8288,0
1289,8289,2
1290,8290,0
1291,8291,2
1292,8292,2
1293,8293,0
1294,8294,1
1295,8295,2
1296,8296,2
1297,8297,0
1298,8298,0
1299,8299,2
1300,8300,2
1301,8301,0
1302,8302,0
1303,8303,0
1304,8304,0
1305,8305,0
1306,8306,0
1307,8307,2
1308,8308,2
1309,8309,2
1310,8310,0
1311,8311,2
1312,8312,0
1313,8313,1
1314,8314,2
1315,8315,0
1316,8316,2
1317,8317,0
1318,8318,2
1319,8319,0
1320,8320,2
1321,8321,2
1322,8322,0
1323,8323,0
1324,8324,0
1325,8325,0
1326,8326,0
1327,8327,0
1328,8328,2
1329,8329,0
1330,8330,2
1331,8331,2
1332,8332,0
1333,8333,2
1334,8334,2
1335,8335,0
1336,8336,2
1337,8337,0
1338,8338,0
1339,8339,2
1340,8340,2
1341,8341,0
1342,8342,0
1343,8343,0
1344,8344,0
1345,8345,0
1346,8346,2
1347,8347,0
1348,8348,0
1349,8349,0
1350,8350,0
1351,8351,0
1352,8352,2
1353,8353,2
1354,8354,0
1355,8355,2
1356,8356,1
1357,8357,0
1358,8358,2
1359,8359,1
1360,8360,2
1361,8361,0
1362,8362,0
1363,8363,0
1364,8364,2
1365,8365,0
1366,8366,2
1367,8367,0
1368,8368,0
1369,8369,2
1370,8370,2
1371,8371,2
1372,8372,2
1373,8373,2
1374,8374,0
1375,8375,0
1376,8376,1
1377,8377,2
1378,8378,0
1379,8379,0
1380,8380,2
1381,8381,2
1382,8382,2
1383,8383,0
1384,8384,0
1385,8385,2
1386,8386,2
1387,8387,0
1388,8388,2
1389,8389,2
1390,8390,0
1391,8391,0
1392,8392,2
1393,8393,1
1394,8394,0
1395,8395,2
1396,8396,0
1397,8397,2
1398,8398,0
1399,8399,2
1400,8400,0
1401,8401,2
1402,8402,2
1403,8403,0
1404,8404,0
1405,8405,0
1406,8406,2
1407,8407,2
1408,8408,0
1409,8409,0
1410,8410,0
1411,8411,0
1412,8412,2
1413,8413,0
1414,8414,0
1415,8415,0
1416,8416,0
1417,8417,1
1418,8418,2
1419,8419,1
1420,8420,1
1421,8421,1
1422,8422,0
1423,8423,0
1424,8424,0
1425,8425,0
1426,8426,1
1427,8427,1
1428,8428,2
1429,8429,0
1430,8430,0
1431,8431,1
1432,8432,2
1433,8433,0
1434,8434,0
1435,8435,2
1436,8436,0
1437,8437,0
1438,8438,2
1439,8439,2
1440,8440,0
1441,8441,2
1442,8442,0
1443,8443,2
1444,8444,2
1445,8445,0
1446,8446,0
1447,8447,0
1448,8448,1
1449,8449,1
1450,8450,2
1451,8451,0
1452,8452,0
1453,8453,0
1454,8454,2
1455,8455,0
1456,8456,0
1457,8457,0
1458,8458,1
1459,8459,2
1460,8460,1
1461,8461,0
1462,8462,0
1463,8463,2
1464,8464,2
1465,8465,0
1466,8466,0
1467,8467,0
1468,8468,2
1469,8469,0
1470,8470,0
1471,8471,0
1472,8472,2
1473,8473,0
1474,8474,1
1475,8475,0
1476,8476,0
1477,8477,0
1478,8478,1
1479,8479,0
1480,8480,0
1481,8481,2
1482,8482,0
1483,8483,2
1484,8484,2
1485,8485,0
1486,8486,0
1487,8487,2
1488,8488,1
1489,8489,0
1490,8490,0
1491,8491,0
1492,8492,0
1493,8493,2
1494,8494,2
1495,8495,2
1496,8496,0
1497,8497,0
1498,8498,0
1499,8499,1
1500,8500,0
1501,8501,0
1502,8502,1
1503,8503,0
1504,8504,0
1505,8505,2
1506,8506,0
1507,8507,0
1508,8508,2
1509,8509,1
1510,8510,1
1511,8511,0
1512,8512,0
1513,8513,2
1514,8514,2
1515,8515,0
1516,8516,0
1517,8517,2
1518,8518,0
1519,8519,0
1520,8520,0
1521,8521,0
1522,8522,0
1523,8523,0
1524,8524,1
1525,8525,0
1526,8526,2
1527,8527,2
1528,8528,2
1529,8529,2
1530,8530,0
1531,8531,1
1532,8532,0
1533,8533,0
1534,8534,0
1535,8535,0
1536,8536,0
1537,8537,2
1538,8538,0
1539,8539,0
1540,8540,2
1541,8541,2
1542,8542,0
1543,8543,0
1544,8544,2
1545,8545,2
1546,8546,2
1547,8547,2
1548,8548,1
1549,8549,0
1550,8550,2
1551,8551,2
1552,8552,0
1553,8553,0
1554,8554,2
1555,8555,1
1556,8556,2
1557,8557,0
1558,8558,2
1559,8559,1
1560,8560,0
1561,8561,0
1562,8562,1
1563,8563,0
1564,8564,0
1565,8565,1
1566,8566,2
1567,8567,0
1568,8568,2
1569,8569,1
1570,8570,0
1571,8571,2
1572,8572,2
1573,8573,1
1574,8574,0
1575,8575,0
1576,8576,2
1577,8577,0
1578,8578,0
1579,8579,1
1580,8580,0
1581,8581,0
1582,8582,2
1583,8583,0
1584,8584,2
1585,8585,2
1586,8586,0
1587,8587,0
1588,8588,0
1589,8589,0
1590,8590,0
1591,8591,1
1592,8592,2
1593,8593,0
1594,8594,2
1595,8595,1
1596,8596,2
1597,8597,2
1598,8598,0
1599,8599,2
1600,8600,0
1601,8601,0
1602,8602,2
1603,8603,1
1604,8604,2
1605,8605,2
1606,8606,2
1607,8607,2
1608,8608,2
1609,8609,2
1610,8610,0
1611,8611,2
1612,8612,0
1613,8613,2
1614,8614,0
1615,8615,0
1616,8616,1
1617,8617,2
1618,8618,0
1619,8619,0
1620,8620,2
1621,8621,2
1622,8622,2
1623,8623,1
1624,8624,0
1625,8625,2
1626,8626,0
1627,8627,0
1628,8628,0
1629,8629,0
1630,8630,0
1631,8631,1
1632,8632,0
1633,8633,2
1634,8634,1
1635,8635,2
1636,8636,0
1637,8637,0
1638,8638,0
1639,8639,0
1640,8640,0
1641,8641,2
1642,8642,2
1643,8643,2
1644,8644,2
1645,8645,0
1646,8646,2
1647,8647,0
1648,8648,2
1649,8649,2
1650,8650,2
1651,8651,2
1652,8652,1
1653,8653,2
1654,8654,0
1655,8655,0
1656,8656,1
1657,8657,2
1658,8658,2
1659,8659,0
1660,8660,2
1661,8661,2
1662,8662,0
1663,8663,0
1664,8664,0
1665,8665,0
1666,8666,0
1667,8667,0
1668,8668,1
1669,8669,2
1670,8670,2
1671,8671,1
1672,8672,2
1673,8673,2
1674,8674,1
1675,8675,0
1676,8676,0
1677,8677,0
1678,8678,1
1679,8679,2
1680,8680,0
1681,8681,1
1682,8682,1
1683,8683,2
1684,8684,1
1685,8685,0
1686,8686,2
1687,8687,1
1688,8688,0
1689,8689,0
1690,8690,1
1691,8691,2
1692,8692,0
1693,8693,0
1694,8694,2
1695,8695,0
1696,8696,2
1697,8697,0
1698,8698,0
1699,8699,0
1700,8700,1
1701,8701,0
1702,8702,0
1703,8703,0
1704,8704,1
1705,8705,2
1706,8706,0
1707,8707,2
1708,8708,0
1709,8709,1
1710,8710,1
1711,8711,0
1712,8712,0
1713,8713,1
1714,8714,1
1715,8715,0
1716,8716,2
1717,8717,0
1718,8718,2
1719,8719,0
1720,8720,1
1721,8721,2
1722,8722,2
1723,8723,0
1724,8724,2
1725,8725,0
1726,8726,0
1727,8727,0
1728,8728,2
1729,8729,0
1730,8730,0
1731,8731,0
1732,8732,0
1733,8733,2
1734,8734,0
1735,8735,0
1736,8736,2
1737,8737,1
1738,8738,0
1739,8739,0
1740,8740,1
1741,8741,1
1742,8742,0
1743,8743,0
1744,8744,2
1745,8745,2
1746,8746,2
1747,8747,0
1748,8748,2
1749,8749,0
1750,8750,2
1751,8751,2
1752,8752,1
1753,8753,1
1754,8754,2
1755,8755,2
1756,8756,0
1757,8757,2
1758,8758,2
1759,8759,1
1760,8760,2
1761,8761,2
1762,8762,1
1763,8763,0
1764,8764,0
1765,8765,1
1766,8766,2
1767,8767,2
1768,8768,2
1769,8769,0
1770,8770,0
1771,8771,1
1772,8772,2
1773,8773,2
1774,8774,0
1775,8775,2
1776,8776,0
1777,8777,2
1778,8778,0
1779,8779,0
1780,8780,0
1781,8781,1
1782,8782,0
1783,8783,0
1784,8784,1
1785,8785,2
1786,8786,0
1787,8787,0
1788,8788,1
1789,8789,0
1790,8790,2
1791,8791,0
1792,8792,1
1793,8793,2
1794,8794,0
1795,8795,0
1796,8796,2
1797,8797,2
1798,8798,0
1799,8799,2
1800,8800,2
1801,8801,0
1802,8802,2
1803,8803,0
1804,8804,0
1805,8805,1
1806,8806,0
1807,8807,0
1808,8808,1
1809,8809,0
1810,8810,0
1811,8811,2
1812,8812,2
1813,8813,2
1814,8814,2
1815,8815,0
1816,8816,2
1817,8817,0
1818,8818,0
1819,8819,0
1820,8820,0
1821,8821,2
1822,8822,0
1823,8823,2
1824,8824,0
1825,8825,1
1826,8826,0
1827,8827,0
1828,8828,0
1829,8829,0
1830,8830,2
1831,8831,1
1832,8832,0
1833,8833,0
1834,8834,2
1835,8835,2
1836,8836,2
1837,8837,1
1838,8838,1
1839,8839,1
1840,8840,2
1841,8841,2
1842,8842,0
1843,8843,0
1844,8844,2
1845,8845,2
1846,8846,0
1847,8847,0
1848,8848,0
1849,8849,2
1850,8850,0
1851,8851,2
1852,8852,0
1853,8853,0
1854,8854,0
1855,8855,0
1856,8856,2
1857,8857,1
1858,8858,0
1859,8859,0
1860,8860,0
1861,8861,1
1862,8862,2
1863,8863,0
1864,8864,0
1865,8865,0
1866,8866,2
1867,8867,0
1868,8868,1
1869,8869,0
1870,8870,2
1871,8871,0
1872,8872,2
1873,8873,2
1874,8874,2
1875,8875,0
1876,8876,0
1877,8877,2
1878,8878,2
1879,8879,0
1880,8880,0
1881,8881,0
1882,8882,0
1883,8883,2
1884,8884,2
1885,8885,0
1886,8886,0
1887,8887,0
1888,8888,0
1889,8889,0
1890,8890,0
1891,8891,0
1892,8892,0
1893,8893,0
1894,8894,0
1895,8895,0
1896,8896,2
1897,8897,2
1898,8898,0
1899,8899,2
1900,8900,2
1901,8901,1
1902,8902,2
1903,8903,0
1904,8904,0
1905,8905,0
1906,8906,0
1907,8907,0
1908,8908,2
1909,8909,2
1910,8910,2
1911,8911,1
1912,8912,0
1913,8913,0
1914,8914,2
1915,8915,0
1916,8916,2
1917,8917,2
1918,8918,2
1919,8919,0
1920,8920,2
1921,8921,1
1922,8922,0
1923,8923,2
1924,8924,2
1925,8925,2
1926,8926,0
1927,8927,2
1928,8928,0
1929,8929,2
1930,8930,0
1931,8931,2
1932,8932,0
1933,8933,0
1934,8934,0
1935,8935,0
1936,8936,2
1937,8937,0
1938,8938,0
1939,8939,2
1940,8940,2
1941,8941,2
1942,8942,0
1943,8943,2
1944,8944,0
1945,8945,2
1946,8946,0
1947,8947,2
1948,8948,2
1949,8949,0
1950,8950,2
1951,8951,1
1952,8952,2
1953,8953,2
1954,8954,1
1955,8955,1
1956,8956,1
1957,8957,0
1958,8958,2
1959,8959,0
1960,8960,0
1961,8961,1
1962,8962,0
1963,8963,1
1964,8964,2
1965,8965,2
1966,8966,2
1967,8967,2
1968,8968,0
1969,8969,0
1970,8970,0
1971,8971,2
1972,8972,0
1973,8973,0
1974,8974,2
1975,8975,0
1976,8976,2
1977,8977,2
1978,8978,2
1979,8979,1
1980,8980,1
1981,8981,0
1982,8982,0
1983,8983,0
1984,8984,0
1985,8985,2
1986,8986,2
1987,8987,2
1988,8988,2
1989,8989,2
1990,8990,2
1991,8991,0
1992,8992,1
1993,8993,1
1994,8994,1
1995,8995,0
1996,8996,2
1997,8997,2
1998,8998,0
1999,8999,2
2000,9000,2
2001,9001,0
2002,9002,0
2003,9003,2
2004,9004,0
2005,9005,0
2006,9006,0
2007,9007,0
2008,9008,0
2009,9009,0
2010,9010,2
2011,9011,2
2012,9012,0
2013,9013,0
2014,9014,2
2015,9015,2
2016,9016,0
2017,9017,0
2018,9018,2
2019,9019,1
2020,9020,2
2021,9021,0
2022,9022,2
2023,9023,0
2024,9024,2
2025,9025,0
2026,9026,1
2027,9027,2
2028,9028,2
2029,9029,2
2030,9030,0
2031,9031,2
2032,9032,0
2033,9033,0
2034,9034,0
2035,9035,2
2036,9036,0
2037,9037,2
2038,9038,0
2039,9039,0
2040,9040,0
2041,9041,2
2042,9042,2
2043,9043,0
2044,9044,0
2045,9045,0
2046,9046,2
2047,9047,0
2048,9048,2
2049,9049,2
2050,9050,0
2051,9051,0
2052,9052,0
2053,9053,2
2054,9054,2
2055,9055,0
2056,9056,0
2057,9057,2
2058,9058,0
2059,9059,2
2060,9060,2
2061,9061,2
2062,9062,0
2063,9063,0
2064,9064,0
2065,9065,2
2066,9066,0
2067,9067,0
2068,9068,0
2069,9069,0
2070,9070,0
2071,9071,2
2072,9072,0
2073,9073,0
2074,9074,2
2075,9075,2
2076,9076,0
2077,9077,0
2078,9078,0
2079,9079,2
2080,9080,2
2081,9081,2
2082,9082,1
2083,9083,0
2084,9084,2
2085,9085,0
2086,9086,2
2087,9087,0
2088,9088,0
2089,9089,1
2090,9090,0
2091,9091,0
2092,9092,1
2093,9093,2
2094,9094,1
2095,9095,2
2096,9096,1
2097,9097,2
2098,9098,0
2099,9099,1
2100,9100,0
2101,9101,0
2102,9102,1
2103,9103,2
2104,9104,0
2105,9105,0
2106,9106,0
2107,9107,2
2108,9108,1
2109,9109,2
2110,9110,2
2111,9111,1
2112,9112,2
2113,9113,0
2114,9114,0
2115,9115,2
2116,9116,2
2117,9117,2
2118,9118,2
2119,9119,0
2120,9120,2
2121,9121,1
2122,9122,0
2123,9123,2
2124,9124,0
2125,9125,1
2126,9126,0
2127,9127,0
2128,9128,0
2129,9129,2
2130,9130,0
2131,9131,0
2132,9132,0
2133,9133,2
2134,9134,1
2135,9135,1
2136,9136,0
2137,9137,0
2138,9138,2
2139,9139,2
2140,9140,0
2141,9141,0
2142,9142,0
2143,9143,2
2144,9144,0
2145,9145,2
2146,9146,2
2147,9147,2
2148,9148,1
2149,9149,1
2150,9150,0
2151,9151,2
2152,9152,2
2153,9153,0
2154,9154,0
2155,9155,0
2156,9156,1
2157,9157,0
2158,9158,0
2159,9159,1
2160,9160,1
2161,9161,0
2162,9162,0
2163,9163,0
2164,9164,0
2165,9165,0
2166,9166,0
2167,9167,0
2168,9168,0
2169,9169,0
2170,9170,2
2171,9171,2
2172,9172,0
2173,9173,0
2174,9174,2
2175,9175,0
2176,9176,0
2177,9177,0
2178,9178,2
2179,9179,2
2180,9180,0
2181,9181,2
2182,9182,2
2183,9183,0
2184,9184,2
2185,9185,0
2186,9186,2
2187,9187,2
2188,9188,0
2189,9189,2
2190,9190,0
2191,9191,1
2192,9192,2
2193,9193,0
2194,9194,0
2195,9195,2
2196,9196,0
2197,9197,0
2198,9198,0
2199,9199,0
2200,9200,0
2201,9201,0
2202,9202,2
2203,9203,0
2204,9204,0
2205,9205,2
2206,9206,2
2207,9207,2
2208,9208,2
2209,9209,0
2210,9210,2
2211,9211,2
2212,9212,2
2213,9213,0
2214,9214,0
2215,9215,0
2216,9216,2
2217,9217,0
2218,9218,0
2219,9219,1
2220,9220,1
2221,9221,2
2222,9222,0
2223,9223,2
2224,9224,0
2225,9225,1
2226,9226,0
2227,9227,0
2228,9228,0
2229,9229,0
2230,9230,2
2231,9231,0
2232,9232,0
2233,9233,0
2234,9234,0
2235,9235,0
2236,9236,0
2237,9237,0
2238,9238,2
2239,9239,0
2240,9240,2
2241,9241,2
2242,9242,0
2243,9243,0
2244,9244,0
2245,9245,2
2246,9246,2
2247,9247,1
2248,9248,0
2249,9249,0
2250,9250,1
2251,9251,0
2252,9252,0
2253,9253,1
2254,9254,0
2255,9255,2
2256,9256,2
2257,9257,1
2258,9258,0
2259,9259,2
2260,9260,2
2261,9261,2
2262,9262,2
2263,9263,0
2264,9264,0
2265,9265,2
2266,9266,0
2267,9267,0
2268,9268,1
2269,9269,2
2270,9270,1
2271,9271,0
2272,9272,0
2273,9273,2
2274,9274,1
2275,9275,0
2276,9276,2
2277,9277,0
2278,9278,1
2279,9279,0
2280,9280,0
2281,9281,2
2282,9282,2
2283,9283,0
2284,9284,0
2285,9285,2
2286,9286,2
2287,9287,0
2288,9288,0
2289,9289,1
2290,9290,0
2291,9291,0
2292,9292,1
2293,9293,2
2294,9294,0
2295,9295,1
2296,9296,1
2297,9297,2
2298,9298,2
2299,9299,2
2300,9300,2
2301,9301,1
2302,9302,1
2303,9303,0
2304,9304,0
2305,9305,2
2306,9306,0
2307,9307,2
2308,9308,0
2309,9309,0
2310,9310,2
2311,9311,1
2312,9312,0
2313,9313,0
2314,9314,2
2315,9315,2
2316,9316,0
2317,9317,2
2318,9318,0
2319,9319,0
2320,9320,0
2321,9321,0
2322,9322,2
2323,9323,2
2324,9324,0
2325,9325,0
2326,9326,1
2327,9327,2
2328,9328,0
2329,9329,0
2330,9330,2
2331,9331,0
2332,9332,0
2333,9333,1
2334,9334,1
2335,9335,0
2336,9336,2
2337,9337,0
2338,9338,0
2339,9339,0
2340,9340,0
2341,9341,2
2342,9342,2
2343,9343,0
2344,9344,0
2345,9345,2
2346,9346,2
2347,9347,0
2348,9348,0
2349,9349,0
2350,9350,2
2351,9351,2
2352,9352,2
2353,9353,0
2354,9354,0
2355,9355,0
2356,9356,2
2357,9357,1
2358,9358,1
2359,9359,2
2360,9360,0
2361,9361,0
2362,9362,0
2363,9363,2
2364,9364,2
2365,9365,2
2366,9366,0
2367,9367,0
2368,9368,0
2369,9369,2
2370,9370,0
2371,9371,0
2372,9372,2
2373,9373,2
2374,9374,0
2375,9375,0
2376,9376,2
2377,9377,0
2378,9378,0
2379,9379,0
2380,9380,0
2381,9381,1
2382,9382,0
2383,9383,0
2384,9384,0
2385,9385,0
2386,9386,0
2387,9387,0
2388,9388,0
2389,9389,0
2390,9390,0
2391,9391,0
2392,9392,2
2393,9393,1
2394,9394,1
2395,9395,2
2396,9396,0
2397,9397,1
2398,9398,0
2399,9399,2
2400,9400,0
2401,9401,0
2402,9402,2
2403,9403,0
2404,9404,0
2405,9405,2
2406,9406,0
2407,9407,1
2408,9408,0
2409,9409,0
2410,9410,0
2411,9411,0
2412,9412,0
2413,9413,0
2414,9414,1
2415,9415,2
2416,9416,0
2417,9417,0
2418,9418,0
2419,9419,0
2420,9420,0
2421,9421,2
2422,9422,0
2423,9423,0
2424,9424,0
2425,9425,1
2426,9426,2
2427,9427,0
2428,9428,0
2429,9429,1
2430,9430,0
2431,9431,2
2432,9432,0
2433,9433,0
2434,9434,0
2435,9435,2
2436,9436,1
2437,9437,1
2438,9438,0
2439,9439,0
2440,9440,0
2441,9441,2
2442,9442,0
2443,9443,1
2444,9444,2
2445,9445,2
2446,9446,2
2447,9447,2
2448,9448,0
2449,9449,0
2450,9450,0
2451,9451,1
2452,9452,2
2453,9453,0
2454,9454,0
2455,9455,0
2456,9456,0
2457,9457,2
2458,9458,0
2459,9459,2
2460,9460,2
2461,9461,2
2462,9462,0
2463,9463,2
2464,9464,2
2465,9465,0
2466,9466,0
2467,9467,2
2468,9468,0
2469,9469,2
2470,9470,2
2471,9471,1
2472,9472,0
2473,9473,0
2474,9474,1
2475,9475,0
2476,9476,0
2477,9477,2
2478,9478,0
2479,9479,2
2480,9480,0
2481,9481,2
2482,9482,2
2483,9483,0
2484,9484,0
2485,9485,2
2486,9486,2
2487,9487,1
2488,9488,2
2489,9489,0
2490,9490,2
2491,9491,1
2492,9492,2
2493,9493,2
2494,9494,1
2495,9495,2
2496,9496,1
2497,9497,0
2498,9498,0
2499,9499,0
2500,9500,2
2501,9501,0
2502,9502,1
2503,9503,0
2504,9504,0
2505,9505,2
2506,9506,0
2507,9507,0
2508,9508,0
2509,9509,2
2510,9510,1
2511,9511,0
2512,9512,0
2513,9513,0
2514,9514,0
2515,9515,2
2516,9516,0
2517,9517,2
2518,9518,0
2519,9519,2
2520,9520,0
2521,9521,0
2522,9522,2
2523,9523,0
2524,9524,2
2525,9525,2
2526,9526,2
2527,9527,0
2528,9528,2
2529,9529,0
2530,9530,0
2531,9531,1
2532,9532,0
2533,9533,2
2534,9534,2
2535,9535,0
2536,9536,0
2537,9537,0
2538,9538,0
2539,9539,0
2540,9540,0
2541,9541,0
2542,9542,0
2543,9543,2
2544,9544,0
2545,9545,2
2546,9546,1
2547,9547,1
2548,9548,0
2549,9549,0
2550,9550,0
2551,9551,0
2552,9552,2
2553,9553,2
2554,9554,0
2555,9555,2
2556,9556,2
2557,9557,0
2558,9558,0
2559,9559,2
2560,9560,0
2561,9561,0
2562,9562,0
2563,9563,1
2564,9564,2
2565,9565,1
2566,9566,2
2567,9567,1
2568,9568,2
2569,9569,0
2570,9570,0
2571,9571,1
2572,9572,2
2573,9573,0
2574,9574,0
2575,9575,2
2576,9576,2
2577,9577,2
2578,9578,0
2579,9579,2
2580,9580,0
2581,9581,2
2582,9582,2
2583,9583,1
2584,9584,2
2585,9585,2
2586,9586,2
2587,9587,2
2588,9588,2
2589,9589,2
2590,9590,2
2591,9591,2
2592,9592,1
2593,9593,2
2594,9594,0
2595,9595,0
2596,9596,0
2597,9597,2
2598,9598,0
2599,9599,0
2600,9600,0
2601,9601,1
2602,9602,2
2603,9603,0
2604,9604,0
2605,9605,2
2606,9606,0
2607,9607,0
2608,9608,0
2609,9609,2
2610,9610,2
2611,9611,2
2612,9612,1
2613,9613,0
2614,9614,1
2615,9615,0
2616,9616,0
2617,9617,0
2618,9618,1
2619,9619,1
2620,9620,2
2621,9621,2
2622,9622,2
2623,9623,0
2624,9624,2
2625,9625,0
2626,9626,2
2627,9627,2
2628,9628,0
2629,9629,0
2630,9630,0
2631,9631,2
2632,9632,1
2633,9633,1
2634,9634,0
2635,9635,0
2636,9636,2
2637,9637,0
2638,9638,0
2639,9639,2
2640,9640,2
2641,9641,2
2642,9642,2
2643,9643,2
2644,9644,0
2645,9645,2
2646,9646,2
2647,9647,0
2648,9648,1
2649,9649,2
2650,9650,2
2651,9651,2
2652,9652,0
2653,9653,2
2654,9654,2
2655,9655,0
2656,9656,2
2657,9657,2
2658,9658,2
2659,9659,2
2660,9660,0
2661,9661,0
2662,9662,2
2663,9663,0
2664,9664,2
2665,9665,2
2666,9666,0
2667,9667,2
2668,9668,0
2669,9669,1
2670,9670,2
2671,9671,2
2672,9672,2
2673,9673,2
2674,9674,0
2675,9675,0
2676,9676,0
2677,9677,0
2678,9678,1
2679,9679,2
2680,9680,0
2681,9681,2
2682,9682,2
2683,9683,0
2684,9684,0
2685,9685,0
2686,9686,2
2687,9687,0
2688,9688,1
2689,9689,2
2690,9690,0
2691,9691,1
2692,9692,0
2693,9693,0
2694,9694,0
2695,9695,2
2696,9696,0
2697,9697,0
2698,9698,2
2699,9699,1
2700,9700,2
2701,9701,2
2702,9702,0
2703,9703,0
2704,9704,2
2705,9705,1
2706,9706,1
2707,9707,0
2708,9708,1
2709,9709,2
2710,9710,0
2711,9711,2
2712,9712,0
2713,9713,1
2714,9714,0
2715,9715,2
2716,9716,2
2717,9717,2
2718,9718,0
2719,9719,0
2720,9720,0
2721,9721,0
2722,9722,0
2723,9723,2
2724,9724,1
2725,9725,2
2726,9726,0
2727,9727,0
2728,9728,0
2729,9729,2
2730,9730,2
2731,9731,0
2732,9732,2
2733,9733,2
2734,9734,2
2735,9735,2
2736,9736,0
2737,9737,0
2738,9738,0
2739,9739,2
2740,9740,1
2741,9741,2
2742,9742,0
2743,9743,2
2744,9744,0
2745,9745,0
2746,9746,0
2747,9747,0
2748,9748,0
2749,9749,2
2750,9750,1
2751,9751,0
2752,9752,2
2753,9753,1
2754,9754,0
2755,9755,0
2756,9756,0
2757,9757,2
2758,9758,0
2759,9759,2
2760,9760,0
2761,9761,0
2762,9762,0
2763,9763,1
2764,9764,0
2765,9765,2
2766,9766,2
2767,9767,2
2768,9768,2
2769,9769,2
2770,9770,0
2771,9771,2
2772,9772,0
2773,9773,1
2774,9774,2
2775,9775,2
2776,9776,0
2777,9777,0
2778,9778,2
2779,9779,0
2780,9780,0
2781,9781,2
2782,9782,0
2783,9783,2
2784,9784,0
2785,9785,2
2786,9786,0
2787,9787,2
2788,9788,2
2789,9789,0
2790,9790,0
2791,9791,1
2792,9792,1
2793,9793,0
2794,9794,2
2795,9795,0
2796,9796,0
2797,9797,0
2798,9798,0
2799,9799,0
2800,9800,0
2801,9801,1
2802,9802,0
2803,9803,1
2804,9804,1
2805,9805,0
2806,9806,0
2807,9807,0
2808,9808,0
2809,9809,1
2810,9810,0
2811,9811,2
2812,9812,1
2813,9813,2
2814,9814,2
2815,9815,0
2816,9816,2
2817,9817,0
2818,9818,2
2819,9819,1
2820,9820,2
2821,9821,1
2822,9822,0
2823,9823,2
2824,9824,0
2825,9825,0
2826,9826,2
2827,9827,0
2828,9828,0
2829,9829,2
2830,9830,2
2831,9831,0
2832,9832,1
2833,9833,2
2834,9834,2
2835,9835,2
2836,9836,0
2837,9837,0
2838,9838,0
2839,9839,2
2840,9840,0
2841,9841,2
2842,9842,0
2843,9843,0
2844,9844,2
2845,9845,2
2846,9846,0
2847,9847,0
2848,9848,2
2849,9849,0
2850,9850,1
2851,9851,1
2852,9852,0
2853,9853,1
2854,9854,2
2855,9855,1
2856,9856,0
2857,9857,0
2858,9858,2
2859,9859,0
2860,9860,2
2861,9861,1
2862,9862,1
2863,9863,2
2864,9864,0
2865,9865,2
2866,9866,0
2867,9867,1
2868,9868,2
2869,9869,2
2870,9870,0
2871,9871,0
2872,9872,0
2873,9873,1
2874,9874,0
2875,9875,2
2876,9876,0
2877,9877,2
2878,9878,2
2879,9879,2
2880,9880,2
2881,9881,0
2882,9882,0
2883,9883,0
2884,9884,2
2885,9885,0
2886,9886,0
2887,9887,2
2888,9888,1
2889,9889,2
2890,9890,2
2891,9891,2
2892,9892,0
2893,9893,0
2894,9894,2
2895,9895,2
2896,9896,0
2897,9897,1
2898,9898,0
2899,9899,0
2900,9900,1
2901,9901,2
2902,9902,2
2903,9903,2
2904,9904,0
2905,9905,2
2906,9906,1
2907,9907,0
2908,9908,0
2909,9909,0
2910,9910,2
2911,9911,0
2912,9912,2
2913,9913,0
2914,9914,0
2915,9915,2
2916,9916,2
2917,9917,0
2918,9918,0
2919,9919,2
2920,9920,2
2921,9921,2
2922,9922,0
2923,9923,0
2924,9924,0
2925,9925,1
2926,9926,2
2927,9927,0
2928,9928,1
2929,9929,0
2930,9930,0
2931,9931,1
2932,9932,0
2933,9933,0
2934,9934,2
2935,9935,0
2936,9936,0
2937,9937,0
2938,9938,2
2939,9939,2
2940,9940,0
2941,9941,2
2942,9942,0
2943,9943,0
2944,9944,1
2945,9945,0
2946,9946,0
2947,9947,2
2948,9948,2
2949,9949,0
2950,9950,0
2951,9951,0
2952,9952,0
2953,9953,2
2954,9954,0
2955,9955,0
2956,9956,1
2957,9957,0
2958,9958,0
2959,9959,0
2960,9960,1
2961,9961,0
2962,9962,1
2963,9963,0
2964,9964,0
2965,9965,1
2966,9966,0
2967,9967,2
2968,9968,2
2969,9969,0
2970,9970,0
2971,9971,1
2972,9972,0
2973,9973,1
2974,9974,2
2975,9975,2
2976,9976,2
2977,9977,2
2978,9978,0
2979,9979,2
2980,9980,0
2981,9981,2
2982,9982,1
2983,9983,0
2984,9984,1
2985,9985,0
2986,9986,0
2987,9987,0
2988,9988,0
2989,9989,2
2990,9990,1
2991,9991,0
2992,9992,0
2993,9993,0
2994,9994,2
2995,9995,2
2996,9996,0
2997,9997,1
2998,9998,0
2999,9999,2
